T,V,P,RH,E
273.39,420.12,91.84,57.41,1778.12
195.26,248.88,92.29,35.21,1824.16
377.52,360.42,92.31,27.69,1761.72
171.6,244.98,91.61,56.99,1889.64
222.56,353.7,92.43,54.25,1806.68
74.23,247.86,91.2,53.69,1943.32
197.73,261,92.87,49.24,1856.32
122.33,249.24,92.68,49.31,1926.36
206.57,250.2,92.63,49.61,1853.32
356.2,419.04,91.18,45.89,1722.16
221,270.54,92.14,52.99,1835.76
75.53,275.22,91.78,56.63,1918.64
297.83,360.42,92.37,35.83,1784.76
193.44,253.68,91.57,42.78,1866.92
414.31,427.32,91.47,27.4,1748
99.45,246.06,93.12,58.3,1903.56
331.5,408.48,91.92,43.72,1744.28
374.92,453.6,92.58,32.38,1770.76
304.98,307.14,91.78,43.93,1779.28
283.92,270.54,92.18,27.67,1803.52
314.08,293.88,92.29,25.53,1837.08
98.15,257.1,91.93,55.95,1939.72
96.85,258.78,92.66,51.79,1942.4
254.93,339.18,92.7,46.28,1816.88
235.95,247.38,90.35,36.73,1825.28
267.93,360.6,91.89,48.34,1801.84
398.71,437.16,91.3,31.63,1731.04
143.39,268.68,92.11,50.31,1880.68
277.55,348.96,92.47,40.6,1811.32
314.6,347.1,92.1,42.17,1787.48
321.49,426.84,91.73,41.32,1750.2
166.92,303.54,92.73,52.85,1883.84
382.85,409.44,91.59,19.69,1730.12
331.11,364.5,91.57,39.55,1753.68
325.52,422.16,91.51,45.55,1745.88
384.8,431.64,91.55,37.59,1716.08
354.9,390.72,92.39,26.92,1771.12
302.51,407.4,91.47,42.61,1789
130.39,258.78,92.26,42.05,1928.64
79.69,236.88,91.38,32.1,1936.48
322.66,437.94,91.62,50.83,1742.72
179.53,241.2,92.15,52.9,1856.92
189.67,247.38,90.86,52,1867.32
137.28,241.32,91.37,53.83,1912.08
325.26,364.62,92.43,41.91,1764.84
317.46,378.42,91.95,40.43,1778.88
189.54,251.52,93.67,37.18,1850.76
284.7,333,92.62,36.16,1826.08
177.06,254.04,92.53,53.8,1859.16
136.24,240,92.85,53.11,1915.44
271.05,355.26,92.08,45.58,1777.76
347.88,290.46,91.87,28.43,1762.52
192.4,269.52,93.1,55,1856.04
277.03,351.96,92.06,41.62,1807.84
362.57,408.72,92.07,29.23,1742.76
411.45,397.5,91.69,35.43,1749.4
80.21,235.98,92.05,55.99,1966.16
184.99,277.08,92.49,52.37,1855.44
255.84,339.9,92.8,40.35,1827.56
229.97,278.16,92.69,51.98,1851.24
287.95,262.62,91.89,36.05,1793.84
301.99,379.86,92.05,45.06,1766
254.67,399.24,92.07,51.5,1788.64
139.36,236.1,92.3,51.86,1920.72
124.15,263.94,92.77,58.37,1904.24
349.31,415.38,92.06,32.72,1735.56
216.58,246.96,91.58,46.09,1853.56
360.88,416.4,91.3,43.35,1722.72
185.12,248.4,92.7,42.19,1867.52
278.07,313.8,91.75,47.86,1787.48
307.32,420.24,91.92,50.01,1740.84
246.22,281.58,91.84,45.27,1765.64
383.76,451.98,91.15,42.38,1733.56
188.63,256.62,92.5,49.17,1853.48
428.48,418.5,91.71,24.14,1742.24
220.35,353.16,92.36,52.68,1812.8
346.32,374.64,91.98,43.48,1754.68
188.37,257.16,92.18,52.92,1873.6
178.1,259.32,92,42.94,1855.96
415.09,435.48,91.54,33.76,1700.56
282.88,361.62,92.63,51.04,1787.44
285.61,408.72,92.05,45.07,1773.56
153.66,247.56,92.79,54.68,1867.8
412.1,456.54,91.55,43.43,1765.44
256.23,260.58,91.78,39.43,1824.96
368.81,429.84,91.58,42.64,1739.64
406.38,422.16,91.5,36.28,1752.6
231.4,278.88,91.57,48.79,1810.64
293.28,284.58,91.52,32.89,1794.6
183.69,260.46,92.3,33.38,1847.84
132.08,250.74,92.85,31.44,1891
148.46,242.1,91.96,49.63,1914.8
372.06,421.92,91.72,28,1724.12
385.71,442.02,91.5,38.99,1717.12
332.15,429.84,91.74,47.61,1757.48
267.02,356.34,92.19,50.49,1781.64
342.03,427.74,91.81,50.5,1731.68
99.32,253.68,91.68,50.05,1934.96
140.66,252.12,90.55,59.6,1901.84
304.46,378.42,91.97,45.49,1776.92
340.08,359.22,92.11,43.15,1786.92
193.83,235.68,92.23,45.14,1877.36
369.59,417.54,91.71,44,1757.04
212.03,409.68,91.27,59.17,1801.32
158.86,244.26,92.84,48.5,1908.28
182.52,265.26,92.9,51.67,1874.56
92.43,250.44,92.94,54.41,1951.4
274.43,250.02,92.04,31.72,1841.32
320.19,392.28,91.86,24.41,1784.92
309.27,356.64,92.05,47.69,1794.68
130.26,254.64,92.23,59.5,1914
99.32,229.08,92.51,47.11,1937.8
307.58,372.48,92.95,38.48,1788.24
291.85,346.56,92.5,35.16,1802.44
185.38,265.2,92.71,45.88,1851.48
117.13,244.62,92.94,54.18,1883.36
319.8,292.68,92.55,44.23,1768.92
297.96,383.64,92.66,25.61,1776.88
125.19,246.84,93.45,52.73,1878.92
322.92,430.38,91.8,49.45,1745.44
401.05,413.64,91.57,41.39,1704.4
173.55,241.62,91.44,29.85,1898.72
411.06,384.3,91.9,35.36,1756.36
291.98,350.94,91.95,42.32,1793.84
316.94,383.46,91.78,47.47,1784.08
394.03,422.16,91.5,35.95,1756.44
333.97,373.56,91.94,44.45,1745.44
375.05,349.98,92.16,24.83,1776
245.18,253.08,91.01,59.15,1828.28
324.48,391.08,92.06,45.71,1744.96
121.16,217.8,93.42,43.95,1918.08
305.89,413.64,91.59,41.5,1749.92
288.08,387.78,92.8,41.08,1807.44
337.35,359.52,91.82,45.63,1775.72
442.39,441.36,91.5,30.64,1761.16
291.72,348.96,92.48,38.21,1810.84
72.8,233.46,92.66,51.2,1964.4
346.71,356.64,92,35.3,1765.16
299.26,380.82,92.02,48.37,1774.64
149.76,235.08,93.04,49.97,1897.4
398.97,431.88,91.32,39.52,1721.32
273.52,392.76,92.47,37.81,1808.48
128.18,230.28,92.57,51.21,1918.24
294.45,365.58,91.49,51.08,1762.08
313.69,293.88,92.25,24.08,1841.52
291.98,290.46,91.7,48.51,1770.28
308.88,369,91.74,41.11,1764.64
135.46,239.76,93.2,57.41,1883.24
181.09,241.44,92.53,53.01,1877
152.88,245.76,93.02,48.79,1900.72
211.9,237.78,91.33,51.37,1856.44
94.12,234.24,92.64,41.21,1942.28
308.49,354.9,92.19,37.59,1776.28
375.96,434.58,91.55,39.68,1726
401.96,357.42,91.9,37.46,1763.84
304.07,411.06,92.1,47.16,1753.4
388.31,443.46,91.32,44.58,1727.2
358.02,409.62,91.65,33.85,1732
173.16,269.4,91.61,47.18,1865.2
377.39,417.06,91.8,28.22,1740.36
180.44,234.96,91.89,45.41,1857.48
218.01,253.68,91.59,43.91,1862.08
319.8,406.14,91.7,40.61,1760.88
257.66,279.78,92.11,52.26,1825.44
275.99,408.48,92.07,44.74,1781.64
292.11,356.58,91.46,51.13,1778
182.39,294.9,92.77,50.19,1868.64
310.57,300.96,91.35,44.36,1779.96
216.32,269.4,92.82,42.2,1843.72
193.31,250.56,92.93,46.93,1859.36
389.09,416.88,91.75,32.75,1723
356.59,383.22,92.51,26,1770.84
182.13,233.46,92.35,41.54,1880.4
160.16,247.56,92.95,47.84,1881.08
355.55,467.7,92.49,44.02,1750.44
298.87,377.76,92.69,39.03,1797.6
323.7,403.5,92.52,39.7,1734.84
100.36,246.84,93.19,58.05,1913.36
265.85,290.46,91.89,52.02,1778.76
241.67,390.36,92.34,48.43,1801.6
265.33,301.92,91.68,55.87,1788.24
402.48,386.64,92.15,29.78,1750.44
265.46,377.76,92.76,50.4,1808.32
119.99,237.96,92.68,45.67,1927.08
349.05,453.6,92.49,44.73,1733.92
280.15,267.48,92.47,27.98,1857.76
213.85,379.86,92.36,50.38,1809.68
352.82,427.92,91.62,52.79,1727.84
382.98,431.64,91.54,37.36,1714.16
315.25,304.68,91.71,36.33,1775.2
138.19,265.2,92.6,54.16,1908.76
400.66,473.22,92.01,42.41,1728.04
334.88,392.88,92.53,32.86,1764.56
193.18,227.1,91.87,52.08,1870.84
382.98,295.8,91.26,32.46,1745.48
372.06,418.26,91.79,37.27,1750.08
368.03,394.26,92.24,35.57,1789.04
116.48,240.12,93.75,49.39,1901.88
103.35,247.56,91.68,58.75,1922.4
312,348.3,91.93,44.59,1788.64
353.6,467.7,91.77,47.12,1733.56
329.03,298.92,92.24,37.29,1812.2
248.69,253.08,91.04,59.26,1824.16
175.5,325.8,92.38,46.48,1875.68
359.58,461.16,91.03,41.68,1746.56
94.12,247.02,92.76,48.34,1947.04
97.11,243.84,92.77,56.88,1912.32
268.45,345,92.37,52.47,1792.88
272.48,416.88,91.91,49.58,1777.24
353.99,294.96,91.28,24.48,1775.12
333.84,409.62,91.64,41.09,1739.56
187.33,244.98,91.8,48.26,1880.52
105.82,239.76,93.04,53.32,1908.2
277.94,264.3,91.43,49,1782.84
307.97,382.62,92.13,47.7,1776.28
340.6,426.84,91.63,43.77,1726.8
325.52,383.16,92.63,31.67,1766.4
80.47,247.86,91.13,53.28,1940.32
155.35,252.18,92.51,54.53,1860.8
323.44,308.58,91.93,40.43,1764.12
357.63,427.92,91.6,48.01,1732.64
240.24,300.96,91.95,59.95,1808.24
386.36,431.82,91.69,47.55,1724.88
122.85,248.4,93.39,52,1901.96
236.47,251.1,92.27,36.82,1867.44
160.68,288.24,92.07,56.15,1873.48
188.63,269.04,93.02,49.4,1860.36
248.69,304.68,91.68,52.52,1788.12
202.93,231.12,92.58,48.59,1756.84
288.47,362.22,91.68,55.46,1763
89.31,239.1,92.06,50,1945.04
245.83,355.26,92.52,54.29,1800.96
263.38,301.92,91.8,55.87,1793.6
192.27,246.24,93.21,45.49,1827.88
139.49,152.16,91.76,60.09,1877.72
209.17,268.26,92.53,25.64,1859.8
164.84,270,92.96,46.31,1918.76
203.58,263.94,92.83,53.17,1870.28
260.78,339.18,92.76,45.1,1823.96
231.79,401.16,91.97,46.39,1826.24
134.03,254.94,91.77,47.02,1918.56
355.55,368.82,91.68,42.39,1774.68
235.69,401.16,92.08,47.3,1819.4
333.45,262.62,91.97,27.71,1776.04
159.12,269.52,93.07,52.93,1893.04
142.48,225,92.13,47.72,1884.2
357.89,421.92,91.61,29.59,1734.88
351.13,418.5,91.8,48.77,1770.28
357.63,295.8,91.25,36.76,1748.36
328.9,429.48,91.83,52.42,1735.88
312.13,281.58,92.12,31.34,1793.4
381.81,448.68,91.77,33.39,1736.8
148.07,241.62,91.73,43.88,1899.72
324.35,456.96,91.47,45.7,1749.88
346.19,386.64,92.06,36.71,1768
377,451.98,91.05,42.86,1730.6
169.78,250.68,92.03,33.19,1870.68
304.2,390.36,92.21,40.43,1770.8
291.72,383.16,92.73,38.9,1789.2
445.77,411.06,91.78,19.35,1710.48
135.85,246.06,92.78,56.3,1862.96
181.61,241.44,92.57,53.23,1871.72
166.4,269.4,91.6,39.96,1867.8
348.66,415.38,92.12,30.52,1745.44
412.49,440.52,91.89,37.09,1721.84
339.82,366.12,91.83,40.03,1744.68
294.84,352.92,91.83,49.68,1775.44
213.59,250.74,91.41,46.13,1823.4
307.19,365.58,91.49,49.84,1759.6
196.17,250.56,92.95,45.73,1853.08
113.62,240.18,92.44,56.02,1924.28
146.64,243.3,91.48,58.67,1900.56
130.78,208.14,93.45,43.04,1910.72
153.4,259.32,91.69,46.81,1878.2
80.86,239.1,92,52.13,1774.92
110.63,231,92.12,38.57,1929.56
264.68,360.6,91.93,50.87,1817
337.87,448.02,92.42,50.03,1738.8
189.28,245.34,91.9,47.74,1870.12
295.36,300.3,91.55,52.94,1777.72
186.55,236.34,92.08,49.45,1882.12
139.49,242.1,92.02,53.79,1908.92
230.88,243.3,91.17,44.26,1847.2
332.54,386.7,91.92,36.88,1788.64
290.55,398.64,91.93,39.25,1781.08
231.79,262.32,91.69,47.23,1815.44
383.37,418.26,91.76,33.81,1763.96
429.13,412.02,91.38,30.85,1735.76
353.6,434.58,91.52,48.4,1721.28
187.59,215.1,92.91,46.95,1858.4
326.3,430.62,91.3,49.68,1718.8
400.53,431.82,91.67,45,1722.12
237.9,223.2,92.02,40.85,1881.68
239.98,253.08,91.04,58.57,1834.68
324.74,361.92,92.4,37.87,1785.84
376.61,473.52,91.97,53.1,1723.92
303.81,392.76,92.39,29.18,1788.28
210.99,262.14,92.4,41.34,1864.88
203.32,262.26,93.14,46.99,1850.2
179.14,266.82,93.45,42.65,1868.88
151.06,249.24,92.72,39.86,1911
276.38,301.92,91.67,52.33,1784.88
110.63,253.92,92.28,50.93,1906.4
183.56,257.94,91.56,46.9,1873.8
227.89,253.44,92.45,36.57,1882.52
337.22,463.44,91.63,50.89,1731.52
331.24,390.72,92.37,32.2,1791.4
102.31,257.1,92.02,56.53,1922.16
115.44,217.8,92.3,34.18,1914.8
187.98,322.92,92.41,40.87,1850.4
106.99,246.06,92.99,58.82,1898.08
360.75,392.04,92.25,27.55,1763.32
398.58,442.62,91.19,46.85,1720
108.42,244.62,91.89,54.01,1921.92
333.45,295.8,91.25,41.09,1760.2
198.12,275.22,91.77,51.57,1825.32
308.75,407.4,91.48,42.1,1780.88
238.68,372.6,92.72,47.45,1814
326.82,380.82,92.05,42.16,1775.72
137.67,247.56,91.65,58.96,1899.04
94.9,261.9,92.67,40.57,1931.84
324.22,406.14,91.71,41.38,1756.32
314.86,426.84,91.76,38.72,1755.52
278.98,349.08,91.59,57.2,1776.48
212.81,264,93.15,46.96,1840.56
253.5,390.72,92.32,44.32,1815.96
399.75,441,91.91,32.86,1716.72
342.94,429.48,91.91,48.54,1737.04
263.51,381.36,92.2,51.93,1787.72
212.68,269.28,92.58,45.6,1874.12
276.25,264.3,91.43,49.12,1793.72
394.03,463.44,91.64,40.7,1741.12
139.62,316.5,92.89,45.25,1869.92
327.99,365.04,92.53,33.85,1768.08
75.27,275.22,91.84,57.25,1923.88
400.92,400.5,92.5,24.41,1728.12
193.05,270.06,92.1,51.32,1840.76
125.84,239.76,93.28,59.57,1880.88
406.64,450.48,91.4,29.72,1754.52
321.75,419.34,92.3,49.21,1752.4
365.43,467.7,91.76,43.69,1731.92
148.46,248.28,92.91,36.11,1916.92
107.9,258.78,92.73,49.87,1936.28
202.8,268.08,92.58,51.55,1855.28
365.69,367.5,92.1,37.54,1746.44
408.33,444.96,91.7,41.1,1721.48
307.58,371.16,92.12,49.85,1777.08
325.39,371.16,92.08,48.51,1758.2
379.21,404.7,92.19,28.11,1740.32
117.78,262.74,92.37,48.79,1931.2
299,361.62,92.61,50.55,1768
156.52,240.6,92.22,53.79,1897.12
344.76,463.02,91.7,55.39,1729.92
376.74,375.96,91.74,31.57,1753.8
322.27,453.6,92.46,40.94,1760.2
104.91,260.46,92.37,45.76,1870.24
128.18,246.06,92.59,59.23,1869.48
311.22,372.48,92.95,37.18,1790
200.07,253.68,91.58,48.81,1869.2
131.04,258.84,91.88,51.54,1914.92
249.08,378.54,92.52,54.69,1798.04
360.88,269.34,91.76,30.09,1771.32
326.04,350.94,91.92,38.68,1787.6
327.73,362.22,91.46,43.88,1744.92
324.22,445.98,92.21,45.2,1740.84
405.34,422.16,91.49,34.04,1753.84
238.81,269.34,91.87,52.04,1817.48
319.02,290.46,91.69,44.12,1759.16
328.9,295.8,91.24,41.45,1746.48
220.61,305.4,92.03,49.59,1853.12
376.22,412.02,91.4,45.14,1738.6
245.05,246.6,91.09,37.05,1849.6
136.24,248.28,92.91,39.13,1925.64
137.67,254.94,91.78,46.42,1909.96
130.65,242.76,92.61,40.43,1876.24
331.24,361.74,92.5,30.73,1775.08
292.24,300.3,91.41,49.42,1770.24
229.97,392.76,92.16,40.37,1793.96
222.3,298.14,91.41,49.09,1829.28
295.62,371.22,91.79,33.02,1778.36
279.11,421.92,91.97,53.02,1760
147.03,252.12,91.02,56.92,1885.04
303.03,360.48,92.47,38.61,1810.6
285.22,301.92,91.68,52.19,1779.56
329.29,439.26,91.11,58.34,1733.72
156.39,249.48,92.28,54.26,1856.08
168.87,262.8,93.01,38.79,1867.8
341.38,430.38,91.78,48.04,1723.16
347.62,294.12,91.65,40.55,1752.24
74.62,226.8,92.85,44.68,1963.24
194.87,248.1,91.32,59.34,1867.4
278.85,360.48,92.54,43.62,1805.96
311.48,365.7,92.27,39.14,1785.6
210.86,278.16,92.73,55.04,1842.92
262.99,312.3,92.01,28.49,1830.28
174.46,233.46,92.07,44.29,1888.88
358.67,300.3,91.43,34.22,1751.92
280.41,398.94,92.25,40.91,1820.72
183.69,247.38,90.42,55.81,1871.36
412.23,441,91.88,24.1,1721.8
334.88,426.36,91.63,54.24,1735
127.14,262.8,92.93,41.78,1908.88
401.44,406.98,91.72,32.99,1701.44
274.3,375.96,91.93,50.09,1795.2
116.09,242.76,92.64,42.6,1891.08
166.4,246.96,92.95,51.71,1850.88
176.93,246.96,92.77,45.05,1850.68
296.14,353.76,92.15,34.24,1808.12
163.41,262.8,93.02,34.11,1866.72
297.96,371.4,92.12,46.99,1784.32
267.02,414.3,91.05,47.77,1771.44
341.9,414.3,91.4,25.02,1752.48
216.19,322.92,92.29,39.65,1833.16
203.19,258.12,92.05,24.19,1866.76
94.38,247.32,92.26,58.69,1955
307.06,411.78,92.11,30.34,1789.2
145.73,239.1,92.09,45.33,1922.44
291.2,409.86,91.77,50.1,1787.64
274.3,294.96,91.52,51.65,1771.12
240.89,367.62,92.71,45.13,1818.88
230.1,305.28,92.31,53.74,1827.12
102.31,247.02,92.76,46.66,1944.8
333.97,386.7,92.1,25.2,1803.76
147.68,229.5,92.11,51.7,1894.2
297.18,284.58,91.8,36.92,1810.12
357.11,382.68,92.37,29.08,1786.76
203.58,248.1,91.06,51.76,1854.28
192.01,266.82,93.49,42.71,1857
330.85,343.92,91.97,28.25,1765.2
137.15,251.52,93.64,54.74,1883.8
120.51,252.12,91.3,57.03,1899.72
79.82,236.4,91.93,54.52,1943.76
317.72,414.78,91.92,52.57,1737.36
78.13,214.74,91.93,54.43,1931.16
327.08,282.06,92.27,38.4,1810.56
397.54,420.24,91.85,28.9,1726.36
191.62,262.26,93.12,48.92,1861.96
163.67,238.32,92.52,36.68,1880.72
217.49,351.54,92.27,53.77,1821.2
316.81,393.66,92.23,39.4,1772.52
203.06,245.34,91.55,47.53,1864.6
367.25,343.14,91.64,40.74,1747.96
370.24,325.2,92.1,29.71,1762.2
232.96,303.96,92.06,55.8,1827.36
224.38,298.68,91.58,60.04,1814.16
310.44,325.2,92.07,38.71,1779.88
86.45,244.14,92.74,53.9,1917.4
311.61,267.42,91.58,37.63,1792.68
320.71,408.84,91.36,34.89,1753.6
216.06,239.94,91.55,46.28,1854.96
127.79,231.36,92.49,37.68,1921.88
411.71,418.08,92.03,27.91,1758.88
249.6,325.2,91.95,50.66,1803
184.86,253.92,92.32,46.34,1860
334.36,448.02,92.42,45.56,1739.32
204.88,269.34,91.85,51.04,1838.68
137.54,254.04,92.94,56.41,1899.64
373.1,429.84,91.56,41.91,1746.32
105.56,258.12,92.14,51.16,1934.2
339.82,437.94,91.59,49.03,1733
364.39,361.38,91.84,39.62,1755.52
439.66,463.02,91.72,35.35,1742.32
276.64,264.3,91.43,49.92,1778.24
132.21,248.76,92.67,49.82,1920.52
230.62,265.2,92.62,35.15,1817.48
391.3,287.58,91.15,25.24,1741.08
240.11,372.6,92.71,49.54,1810.04
366.86,457.2,91.46,37.3,1750.48
295.49,262.74,92.33,25.6,1840.8
328.12,426.84,91.7,47.63,1740.36
399.23,409.44,91.47,20.49,1717.64
182.26,243.96,92.46,50.48,1861.56
170.82,262.26,93.13,52.45,1868.28
323.83,427.74,91.66,41.44,1748.12
338.65,392.28,91.77,31.26,1799.28
229.97,266.04,92.66,36.67,1856.52
170.56,288.24,91.99,60.04,1853.84
352.95,355.26,92.14,31.03,1761.08
206.57,232.38,91.04,44.62,1863.04
308.75,399.24,91.31,51.26,1746.28
217.1,305.28,92.28,58.35,1824.72
166.66,288.84,92.5,48.87,1869.92
266.76,262.74,92.35,40.86,1855.72
279.76,303.96,92.14,44.6,1822.84
391.95,403.92,92.17,19.68,1747.68
202.41,268.08,92.91,54.01,1843.64
302.38,354.84,92.45,45.77,1761.48
358.41,360.42,92.41,32.85,1760.48
258.57,308.58,91.58,55.25,1795.92
328.38,445.98,92.25,47.74,1733.96
150.8,234.6,91.8,60.05,1842.8
285.09,353.76,92.2,35.15,1813.68
372.19,399.36,91.44,38.84,1709.4
355.42,359.22,92.01,35.42,1793.04
334.88,449.22,91.83,39.09,1774.8
241.67,237.24,91.69,41.17,1850.24
175.37,267.78,92.65,42.01,1884.32
381.68,468.3,91.92,38.5,1737.16
208,270.54,92.21,36.01,1833.84
192.01,294.9,92.78,48.16,1870.88
149.24,267.6,92.57,54.46,1881.56
401.83,478.44,91.54,33.79,1735.36
145.99,247.02,92.67,34.11,1903.4
58.37,241.62,92,45.9,1976.96
131.3,241.32,91.55,54.22,1913.72
202.02,235.86,91.79,42.71,1844.24
320.45,431.88,91.5,54.67,1727.08
268.45,250.02,92.07,27.16,1822
324.61,411.66,91.91,33.02,1813.04
127.66,239.76,93.16,58.61,1887.84
350.35,424.8,91.79,49.77,1747.2
210.08,250.74,91.59,45.73,1813.56
397.28,414.84,91.59,42.6,1729.04
166.14,246.24,93.2,51.08,1846.44
284.18,295.26,92.24,31.99,1811.08
405.34,446.04,91.26,38.15,1736.6
145.99,262.02,92.05,43.26,1901.64
238.94,372.6,92.74,46.36,1811.64
242.84,339.9,92.76,48.16,1823.16
199.29,220.26,92.18,44.33,1873.44
128.44,240,92.85,55.24,1926.32
268.58,307.14,91.71,53.36,1788.56
377.39,406.74,91.9,32.42,1780.12
443.95,411.06,91.89,22.21,1720.76
348.4,295.8,91.26,37.65,1754.24
307.84,307.8,91.99,42.74,1806.68
271.18,307.8,92,55.48,1798.68
281.19,365.04,92.56,46.52,1783.72
159.51,247.02,92.67,34.86,1900.52
140.4,237.48,92,52.52,1912.96
338,419.34,92.28,43.84,1734
369.46,451.38,91.84,34.08,1742.56
324.09,414.3,91,51.08,1718.12
252.59,317.4,92.47,40.45,1833.84
298.35,383.64,92.17,48.22,1788.52
295.1,288.84,92.19,36.05,1795.84
375.05,343.14,91.65,35.04,1747.2
63.44,241.62,92.06,44.71,1965.16
199.81,262.02,91.99,54.89,1872.92
176.54,298.98,91.72,52.08,1863.28
337.61,421.92,91.59,34.21,1741.08
305.24,424.74,91.52,53.14,1729
179.14,239.1,92.06,43.19,1899.6
213.72,263.76,92.15,45.79,1874.28
79.17,261.9,92.81,42.69,1943.84
188.11,267.96,92.39,56.11,1857.64
435.5,424.8,91.73,34.34,1732.76
91.65,261.9,92.58,43.42,1921.88
154.7,234.96,92.41,50.75,1911
195.52,228.06,92.95,46.97,1872.48
281.06,292.68,92.73,51.05,1794.08
169.39,237.12,92.43,49.85,1895.96
187.33,277.08,92.39,53.33,1849.96
141.18,269.1,92.2,53.02,1907.48
370.5,427.92,91.14,41.61,1742.8
354.12,400.5,92.53,41.76,1734.6
311.48,307.8,91.98,43.09,1804.44
294.58,409.8,92.52,52.15,1725.08
213.59,288.36,91.88,36.76,1838.52
51.35,230.64,92.43,47.79,1969.84
238.16,399.06,92.29,48.9,1839.56
91.13,226.8,92.86,37.7,1935.8
298.09,378.78,91.96,46.25,1792.08
360.23,446.04,90.74,43.11,1736.8
398.06,388.14,91.48,31.24,1743.36
327.08,259.26,91.98,53.21,1769.16
274.17,279.78,92.09,44.88,1813.36
245.96,281.58,91.81,46.79,1814.64
89.96,247.56,91.92,57.72,1934.44
402.74,404.7,92.29,27.24,1734.36
238.03,277.26,91.86,49.29,1807
313.3,361.74,91.65,37.09,1799.16
213.46,243.36,92.76,30.37,1888.68
296.27,414.78,91.9,54.88,1752.32
281.71,418.26,91.86,58.1,1760.64
100.23,217.5,93.45,53.9,1926.96
151.45,249.24,92.74,40.78,1905.6
205.01,348.96,92.37,49.54,1800.44
125.45,246.18,92.83,38.98,1926.72
280.02,399.24,91.36,55.72,1763.2
338.78,406.98,91.75,39.82,1729.12
309.01,308.58,91.52,50.45,1766.16
366.47,408.48,92.13,26.36,1745.72
129.87,252.42,92.62,51.41,1886.4
130.26,239.76,93.17,58.11,1892.88
186.29,273.06,92.31,42.93,1875.68
256.62,272.28,92.28,48.4,1837.56
175.76,248.64,92.35,39.58,1888.44
262.47,353.16,92.21,42.98,1802.68
323.83,343.02,91.9,43.78,1784.04
117.78,251.52,93.63,54.53,1893.48
403.65,376.2,91.76,33.16,1766.68
155.35,249.48,92.35,53.61,1858.28
254.54,317.4,92.5,38.78,1833.12
229.71,262.2,92.3,35.26,1860.24
329.29,430.38,91.8,46.67,1740.92
366.99,384.3,92,45.14,1769.2
191.49,238.92,92.06,48.49,1881.64
297.18,360.48,92.47,40.27,1809.36
198.77,269.28,92.62,44.2,1853.28
286.13,296.34,92.69,45.48,1807.36
123.89,248.64,92.55,48.05,1927.32
306.28,364.62,92.54,45.8,1772.52
339.95,379.26,92.03,45.86,1764.92
222.69,257.16,92.2,44.16,1852.36
374.66,463.44,91.67,47.36,1734.76
352.3,317.04,91.48,32.31,1756.32
297.44,416.7,92.18,39.08,1767.04
252.33,279.78,92.11,51.77,1810.4
154.96,247.2,92.45,48.74,1904
212.16,258.84,92.25,42.26,1861.52
157.43,229.68,92.14,55.93,1879.72
123.63,262.74,92.37,47.89,1924.48
351,440.52,92.02,52.37,1731.16
260.91,295.26,92.03,34.08,1817
390.13,391.08,92.08,26.37,1747.64
343.07,294.12,91.6,42.49,1754.12
347.75,349.98,92.14,27.28,1776.36
120.51,231.36,92.52,37.49,1901.68
74.23,275.22,92,56.05,1929.96
371.93,408.72,91.97,28.54,1731.76
373.1,294.96,91.31,21.91,1757.8
327.34,345,92.28,36.46,1796.04
320.45,387.78,92.77,32.07,1784.16
300.3,356.58,91.58,51.58,1762.56
181.74,244.26,92.97,43.1,1897.84
146.51,244.14,92.21,51.98,1905.08
272.61,371.22,91.95,39.25,1787.04
301.47,352.92,91.81,48.63,1785.76
327.6,382.56,91.8,38.98,1752.6
414.18,443.28,91.42,34.61,1743.64
163.02,262.14,92.48,50.15,1880.16
140.01,248.64,92.43,45.16,1916.76
215.8,318.96,92.23,46.05,1829.04
143.13,240.3,92.31,53.53,1896.8
160.81,259.32,91.74,45.64,1873.96
251.68,411.66,91.9,56.92,1818
280.93,296.34,92.67,46.92,1797.04
364.13,308.58,91.96,29.52,1799.28
130.26,237.96,92.39,47.99,1920.2
209.95,265.26,92.8,51.25,1848.08
162.11,270.06,92.53,57.15,1868.72
275.21,350.76,92.52,50.39,1786.64
300.43,409.8,92.53,51.97,1751.64
424.71,467.7,92.24,30.44,1729.28
384.15,406.14,91.35,29.21,1715.08
217.75,221.94,91.49,52.31,1856.72
318.63,352.74,92.37,37.02,1774
106.86,250.92,93.89,42.98,1911.44
290.16,422.82,91.91,49.9,1767.48
339.69,343.92,92.02,27.47,1766.4
366.08,424.32,91.8,39.19,1765.48
329.68,449.94,91.11,39.58,1761
103.74,244.62,91.7,59.19,1922.88
289.25,364.62,92.53,49.31,1776.2
328.9,427.74,91.62,37.79,1748.68
162.37,229.5,92.06,49.99,1882.52
327.73,298.92,92.4,37.88,1803
226.72,269.34,91.81,48.32,1830.68
148.98,235.8,92.68,46.12,1902.04
269.88,375.12,92.33,48.62,1806.76
243.75,269.4,91.64,45.46,1811.08
350.48,392.04,92.28,28.16,1767.24
360.23,414.78,91.06,30.87,1730.16
225.42,282.18,92.12,58.88,1855.56
278.07,383.4,92.13,42.57,1797.52
277.16,270.06,92.02,35.96,1811
134.03,267.78,92.78,53.17,1887.12
199.42,244.38,92.55,51.71,1834.2
240.37,246.6,91.08,35.99,1843.04
201.76,221.94,91.53,53.82,1871.6
330.85,445.98,92.32,48.57,1740.48
293.28,425.88,91.42,57.57,1763.24
390.78,414.84,91.59,43.49,1747.56
230.1,295.26,92.29,40.75,1823.88
163.8,249,92.1,51.73,1889.8
332.41,392.76,92.26,23.15,1777.84
291.07,288.84,92.23,38.59,1794.32
378.56,399.06,92.34,22.74,1731.52
65.26,243.84,92.84,55.96,1941.12
139.62,240.3,92.31,52.4,1911.72
120.51,217.8,93.36,43.28,1918.64
108.81,239.94,91.85,55.96,1929.24
392.73,427.92,91.47,40.54,1739.64
381.94,440.52,91.95,32.98,1781.68
228.02,267.48,92.41,47.4,1862.04
131.43,249.72,92.47,58.69,1854.28
399.49,419.34,92.27,35.34,1707.16
196.95,225.84,92.22,53.89,1855.92
125.32,219.96,93.37,42.07,1916.32
117.65,244.02,92.32,45.29,1946.2
337.48,382.68,92.45,29.68,1775.2
97.76,237.66,92.6,47.38,1926.16
279.24,367.62,92.66,36.86,1803.52
317.59,359.22,92.64,36.34,1766.44
255.06,261.36,92.08,22.56,1853.32
327.86,419.28,91.56,48.16,1772.96
219.83,263.76,92.12,47.92,1863.44
215.54,251.58,92.94,27.14,1866.44
353.34,474.3,91.73,56.59,1736.04
102.96,216.48,92.82,49.1,1931.92
322.14,411.78,92.18,26.22,1793.72
149.24,246.84,93.42,54.3,1856.28
173.42,250.74,91.95,52,1844.48
284.83,421.92,91.74,54.34,1757.16
314.86,371.16,92.13,48.07,1770.6
71.89,243.84,92.8,58.35,1919.52
245.31,377.76,92.78,49.72,1820.88
99.06,268.26,92.78,41.98,1944.28
343.33,365.58,91.56,39.61,1746.84
207.74,268.08,92.59,51.56,1851.08
87.88,217.5,93.48,54.7,1937.44
400.14,442.02,91.45,35.22,1708.6
100.88,253.68,91.68,49.99,1935.2
126.62,246.06,92.65,59.03,1863.2
157.82,270,93.08,53.52,1906.4
400.66,422.16,91.5,35.27,1756.64
238.16,253.08,91.12,57.59,1833.84
313.43,409.8,92.48,47.5,1730.48
93.47,244.86,92.29,51.39,1948.6
132.08,249.72,92.1,56.58,1860.2
421.46,394.44,91.91,31.64,1756.04
180.96,237.48,92.05,48.17,1862.68
415.74,384.3,91.86,34.81,1758.24
349.44,448.68,91.86,38.89,1763.36
132.21,242.76,92.59,40.93,1881.32
175.5,248.64,92.34,41.02,1885.36
223.21,378.54,92.78,57.59,1787
303.29,437.94,91.76,53.65,1760.16
225.81,293.52,91.99,35.04,1822.12
296.01,359.52,91.79,56.45,1751.6
77.35,226.8,92.91,40.78,1916.8
122.59,222.84,92.09,44.99,1894.28
151.84,243.3,92.93,51.46,1900.52
340.99,424.32,91.79,44.06,1781.12
349.05,343.14,91.63,36.02,1752.04
130.91,208.14,93.46,42.31,1914.6
358.67,431.82,91.69,52.93,1749.32
214.5,319.74,92.52,57.4,1833.48
137.41,226.38,93.12,42.17,1898.6
360.62,448.68,91.82,36.49,1747.48
183.82,237.54,91.89,57.61,1860.92
265.2,329.4,92.43,38.56,1810.24
337.48,361.92,92.38,33.31,1773.76
135.98,247.56,92.79,55.34,1895.04
393.38,355.32,92.11,36.65,1771.92
245.05,403.92,92.08,49.42,1786.8
306.41,383.46,91.97,48.44,1767.72
236.99,270.06,92.02,44.32,1816.24
322.4,392.88,92.6,37.23,1768.08
227.37,383.64,92.73,49.56,1810.84
278.85,396.3,92.26,44.24,1813.52
316.29,281.58,92.14,31.58,1796.28
156.91,262.26,93.23,51.37,1889.28
353.6,468.3,91.83,54.12,1722.2
158.86,247.2,92.44,48.73,1899.84
323.18,434.34,91.01,54.14,1763.4
99.84,239.76,93.07,52.49,1911.36
162.24,244.02,91.93,36.66,1903.84
190.58,256.62,92.67,47.87,1854.4
408.72,386.64,92.19,29.49,1750.4
294.32,382.38,92.17,50.53,1788.84
332.28,453.6,92.49,41.59,1768.8
86.97,261.9,92.74,41.73,1930.28
353.6,358.44,92,34.04,1760.52
219.7,269.28,92.56,43.33,1867.2
317.46,395.64,91.93,39.02,1758.52
342.81,424.74,91.39,46.38,1714
109.46,224.94,91.75,49.29,1915.48
385.45,427.5,91.01,44.38,1723.52
319.41,433.44,91.95,47.51,1739.72
235.43,312.48,91.14,60.05,1799.96
329.03,369,91.76,37.99,1748.12
344.5,396.3,92.46,36.8,1760.6
334.49,375.96,91.83,32.8,1779.4
332.93,284.58,91.69,32.71,1771.84
315.51,361.38,91.99,46.68,1755.96
340.21,422.82,91.84,41.38,1738.24
219.31,312.3,92.06,42.98,1841.24
198.51,237.24,91.88,49.15,1857.96
323.44,383.46,91.76,46.65,1789.12
166.66,231.72,92.61,50.28,1869.64
206.31,270,92.9,24,1883.4
173.03,240.6,92.26,49.27,1874.96
205.92,316.32,93.31,37.54,1859.72
180.7,270.48,93.03,50.06,1861.24
296.92,300.3,91.42,47.69,1771.4
157.43,247.02,92.68,37.55,1902.12
255.71,268.26,92.31,18.88,1859.96
229.84,245.34,91.93,36.82,1848.32
288.86,396.3,92.38,48.35,1771.8
390.65,398.64,91.68,46.09,1710.2
306.93,294.96,91.13,39.38,1774
188.76,242.1,91.92,41.9,1883.2
253.24,378.54,92.66,46.82,1798.4
367.64,341.4,91.49,38.99,1782.44
351.26,430.62,91.49,43.26,1712.4
424.71,406.98,91.62,25.3,1703
192.4,263.94,92.99,51.15,1847.88
306.93,262.62,91.98,33.65,1778.2
309.92,295.26,92.12,27.24,1786.16
355.42,382.68,92.41,29.04,1786.24
349.96,388.14,91.51,45.68,1750.48
411.19,417.54,91.7,37.09,1747.56
218.53,254.52,91.72,44.55,1848.76
368.03,397.02,91.8,43.6,1778.04
342.29,368.46,91.99,31.26,1811.16
174.85,275.22,91.67,52.64,1858.36
144.17,242.58,93.22,44.98,1963.84
350.74,448.68,91.8,41.72,1769.12
263.51,339.9,92.8,40.27,1817.16
325.13,399.36,91.79,38.96,1742.92
344.89,391.08,92.07,38.62,1749.56
177.97,240.6,92.22,50.14,1883.04
134.68,248.76,92.5,55.22,1913.08
301.34,308.58,91.96,49.1,1799.76
185.64,269.04,93.17,47.45,1898.28
235.69,238.32,91.16,35.31,1823.24
179.79,266.7,92.86,41.25,1850.4
348.92,431.64,91.51,47.47,1708.8
350.74,425.64,91.64,40.9,1738.92
47.19,230.64,92.38,52.43,1951.48
355.55,396.3,92.51,33.16,1758.4
398.71,467.7,92.3,37,1743.84
142.09,234.96,92.41,54.34,1919.32
261.82,277.98,92.11,50.03,1813.4
174.85,258.84,92.32,44.6,1896.4
383.89,431.82,91.69,47.55,1739.84
187.59,233.46,92.12,42.16,1875.32
323.18,392.04,92.09,36.2,1789
190.58,250.56,92.92,46.88,1854.4
90.87,211.14,92.67,41.37,1920.2
168.35,240.6,92.3,51.61,1884.28
320.97,430.38,91.83,42.32,1747.12
307.32,350.94,91.95,44.52,1783
207.09,155.28,91.77,43.7,1850.8
196.56,234.96,91.5,46.19,1855.12
291.59,382.56,91.8,45.16,1771.4
333.84,421.92,91.73,54.29,1725.28
143.78,249,92.1,53.88,1904.96
300.82,373.56,91.99,39.86,1777.52
433.42,419.28,91.6,25.63,1751.36
300.04,290.46,91.68,49.41,1774
402.09,431.1,91.69,35.08,1711.28
119.73,238.32,92.69,44.66,1915.84
301.99,430.62,91.36,52.86,1731.2
293.02,378.42,91.97,48.98,1769.12
172.12,244.98,91.63,52.52,1888.88
392.73,451.98,91.11,40.03,1725.84
333.32,408.84,91.41,33.67,1750.52
136.24,225,91.8,57.16,1898.28
189.02,247.02,92.29,40.67,1880.76
383.89,428.58,91.98,34.45,1755.12
163.41,235.08,93.01,46.37,1887.48
101.27,252.18,92.52,54.89,1909.04
351.52,419.88,91.68,45.25,1733
346.19,262.62,91.94,29.58,1763.8
393.77,429.48,91.82,32.42,1737.08
187.85,269.04,93.03,49.67,1844
132.86,270.06,92.57,56.17,1897.28
183.56,236.4,91.64,45.87,1874.52
278.72,307.14,91.74,50.96,1784.68
185.38,266.82,93.53,43.31,1863.08
373.62,426.84,91.96,29.16,1720.48
287.04,333,92.58,35.08,1823.16
279.89,317.04,91.37,52.93,1776.16
84.24,217.44,92.15,55.22,1938.6
393.64,425.88,91.59,44.57,1730.56
338.39,386.64,92.07,37.34,1783.56
363.74,431.88,91.42,48.6,1713.76
265.98,325.2,91.95,50.4,1792.4
152.36,235.08,93.11,41.12,1875.92
174.85,244.38,92.61,56.33,1844.12
330.72,378.78,91.98,46.7,1767.64
221.78,353.76,92.17,44.37,1844.6
335.27,383.4,92.22,36.29,1770.8
324.48,408.72,91.93,42.13,1750.48
100.1,244.32,92.98,49.18,1931.16
230.49,262.32,91.76,46.01,1815.76
408.2,426.36,91.68,44.86,1733.36
78.39,247.02,92.71,50.52,1954.28
281.19,300.96,91.43,50.9,1793.28
301.47,273.66,92.11,44.08,1818.48
368.55,426.84,91.88,36.23,1716.84
380.12,361.38,91.78,35.83,1752.96
123.11,219.24,91.63,46.59,1901.92
355.16,399.24,91.36,43.55,1725.32
406.12,434.34,90.86,40.9,1722.8
258.31,298.14,92.02,41.14,1824.12
180.96,260.46,92.28,36.98,1859.04
159.64,239.76,91.98,46.24,1872
439.27,414.3,91.06,24.08,1740.4
311.61,412.02,91.51,46.1,1766.12
286,307.8,92.08,51.47,1800.72
408.46,414.78,91.76,34.3,1703.92
256.75,294.12,91.76,55.73,1786.52
162.76,254.04,92.61,57.17,1858.84
397.02,414.84,91.57,42.28,1741.84
386.62,421.92,91.65,31.63,1730.76
284.57,449.58,92.37,46.73,1793.88
313.04,295.8,91.2,42.25,1773.84
268.06,408.72,92.03,47.93,1788.64
236.73,373.56,92,52.37,1823.52
94.38,216.48,92.86,49.89,1934.32
288.6,383.64,92.49,33.7,1782.4
332.54,380.82,91.95,40.09,1774.64
245.96,406.26,91.65,38.72,1787.08
205.4,243.96,92.38,52.94,1834.2
357.5,295.8,91.27,35.54,1759.08
398.32,449.22,91.77,35.41,1749.72
149.37,265.2,92.62,54.68,1902.04
152.49,243.84,92.79,58.19,1908.24
371.8,371.16,91.99,37.28,1758.96
85.93,233.46,92.34,55.39,1937.28
227.24,317.4,92.73,45.88,1833.36
185.64,236.34,92.17,46.51,1879.68
281.71,374.34,91.63,55.78,1783.4
264.68,345,92.21,49.78,1809.12
203.97,227.22,92.83,50.63,1861.64
267.41,382.68,92.43,44.4,1799.72
99.32,240.12,93.78,42.71,1917.72
420.03,413.64,91.46,43.07,1724.56
138.32,237.66,92.58,40.09,1885.92
371.93,418.5,91.8,43.02,1762.12
396.89,391.08,92.06,25.11,1751.56
184.34,322.92,92.45,38.74,1861
195.13,261.36,92.24,37.09,1863.36
313.95,387.78,92.79,34.84,1795.48
236.99,373.56,91.95,54.81,1794.56
84.5,232.08,92.53,37.74,1934.88
256.36,399.06,92.28,44.82,1832.28
344.76,390.36,92.13,31.07,1758.64
403.13,444.96,91.9,33.91,1738.56
380.12,385.98,91.95,39.05,1760.48
230.1,298.68,91.38,60.05,1804.96
137.54,248.94,92.77,55.14,1892.76
276.12,250.02,92.05,29.56,1839.24
241.8,341.1,92.03,48.14,1801.04
388.57,427.74,91.73,33.43,1725.8
117.78,240.12,93.74,49.22,1912.04
156.13,248.88,92.52,40,1876.32
181.22,286.98,91.35,48.72,1860.52
239.2,263.76,92.04,46.69,1858.52
292.37,377.76,92.75,47.39,1789.92
120.51,237.84,91.89,47.74,1921.16
98.93,236.52,93.18,44.86,1902.2
274.56,383.46,91.76,57.68,1790.56
113.36,240.12,93.76,46.85,1911.44
318.5,364.62,92.47,44.2,1759.64
360.75,399.24,91.84,27.82,1750.32
170.69,244.5,92.37,48.52,1890
223.6,350.94,92.01,55.21,1834
201.24,322.92,92.37,38.86,1850.76
371.93,317.04,91.45,27.44,1749.56
297.57,374.34,91.62,52.9,1792.52
234,262.2,92.31,36.77,1857.04
135.07,241.32,91.8,49.96,1914.32
180.44,292.74,92.48,47.64,1856.56
402.48,418.92,91.78,30.93,1754.96
121.94,268.62,92.76,51.16,1895.6
306.02,391.62,92.16,38.57,1780.76
238.29,266.04,92.69,31.01,1875.2
393.9,442.02,91.42,35.24,1726.28
290.29,275.22,91.62,38.17,1788.08
124.41,238.92,92.1,53.49,1872.08
380.25,399.06,92.32,20.19,1766.8
299.91,392.76,92.19,28.06,1784.76
237.38,354.9,92,51.61,1804.36
348.27,467.7,91.81,48.13,1751.64
104.91,262.14,92.46,52.4,1940.72
98.41,246.84,93.48,52.78,1911.2
320.45,434.58,91.64,54.03,1750.36
318.63,311.16,92.24,40.54,1786.96
221.52,240.72,91.98,49.88,1832.4
252.98,282.18,92.17,53.32,1842.28
133.12,235.68,91.83,48.97,1910.12
298.09,373.56,91.93,50.2,1753.36
203.06,212.4,92.38,32.37,1871.8
309.01,384.9,92.82,33.52,1793.72
83.2,247.02,92.69,51.22,1955.28
143.26,229.68,92.14,57.4,1888.44
344.24,438.36,91.64,54.44,1733.24
133.77,250.44,92.72,48.31,1922.48
97.11,240.42,92.31,30.18,1958.36
164.45,266.04,92.67,42.87,1875.2
87.75,236.22,92.75,42.59,1945.04
167.96,236.1,92.23,52.97,1879.32
282.1,386.64,92.27,44,1794.04
355.42,429.84,91.65,43.33,1755.04
380.51,419.34,92.29,40.3,1702.2
332.02,294.96,91.24,28.44,1774.2
222.04,231.48,92.31,44.05,1845.96
183.3,269.04,93.19,47.65,1872.88
262.99,416.7,92.09,53.87,1783.28
162.63,298.98,91.69,56.56,1811.36
215.15,325.8,92.54,36.5,1842.36
371.28,445.32,91.59,41.76,1738.16
147.94,316.5,93.29,43.63,1879.6
274.56,283.44,91.25,42.33,1849.64
201.63,220.26,92.19,43.75,1863.4
230.75,298.68,91.32,60.05,1808.08
363.87,401.46,91.68,35.78,1758.96
296.14,430.62,91.39,53.54,1741.84
431.21,422.4,91.31,34.8,1720.56
340.47,416.04,91.77,52.55,1735.96
204.75,221.94,91.61,56.28,1857.52
342.29,360.36,91.44,24.94,1800.64
214.24,293.52,91.99,38.5,1834.68
277.94,365.04,92.54,49.7,1783.2
195,243.96,92.39,53.77,1826.52
226.2,258.84,92.59,45.19,1830.36
322.92,355.32,92.11,49.85,1770.8
172.25,262.2,92.15,45.63,1888.88
296.92,427.5,91.08,57.87,1735.4
275.21,358.8,92.37,46.64,1822.64
316.16,397.5,91.74,55.13,1779.72
180.05,293.52,91.97,47.54,1849.52
131.69,228.96,92.14,47.42,1899.68
183.43,270.48,93.02,49.93,1858.8
312.91,440.76,91.51,44.08,1753.64
343.33,409.44,91.87,46.67,1714.08
387.79,431.88,91.3,40.53,1707.92
295.36,352.92,92.05,46.63,1794.68
215.15,249.96,91.95,33.32,1860.56
296.92,371.22,91.88,31,1770.88
249.73,318.96,92.11,48.98,1816.04
365.3,366.12,91.93,35.43,1750
160.55,244.38,92.64,57.32,1866.84
184.47,237.12,92.58,46.35,1868.56
390.65,341.4,91.55,25.18,1750.2
310.57,385.62,92.12,45.13,1803.28
346.58,441.36,91.54,59.56,1734.48
242.84,354.84,92.45,46.25,1811.4
219.7,325.8,92.54,36.34,1842.28
239.2,262.14,92.42,31.46,1848.2
289.9,304.68,91.71,48.76,1799.44
305.11,364.62,92.47,45.22,1777.84
305.24,398.94,92.22,37.57,1800.2
404.3,417.06,91.89,27.24,1718.96
375.7,408.72,91.99,27.94,1754.12
117.91,217.8,92.3,34.09,1919.92
153.4,263.94,92.81,59.06,1867
255.45,383.46,91.75,59.45,1779.6
136.63,268.68,92.05,51.17,1899.08
292.63,411.78,92.28,34.31,1803
211.38,231.48,92.37,46.02,1850.16
355.94,420.24,91.93,43.36,1715.52
198.9,250.56,92.96,42.94,1866.36
116.48,240.3,92.36,53.64,1868.96
185.77,237.54,92.03,55.43,1852.52
185.77,227.1,91.82,55.69,1874.52
214.11,228.06,92.94,43.37,1846.16
447.59,411.06,91.83,20.45,1725.56
289.38,362.22,91.65,55.42,1765.32
202.54,243.96,92.39,52.45,1842.44
278.07,385.62,91.97,57.23,1780.48
172.25,204.18,92.63,43.26,1881.84
328.12,412.02,91.52,46.17,1769.16
302.51,365.04,92.65,40.34,1760.88
265.98,308.58,91.82,50.27,1826.8
152.23,240.3,92.23,51.65,1885.96
158.73,250.02,92.08,51.11,1900.28
232.7,406.26,91.3,53.75,1798.92
315.12,429.48,91.83,54.68,1751
140.53,267.78,92.78,52.97,1895.44
351.52,290.46,91.69,36.44,1764.84
117.26,228.48,92.64,41.99,1913.28
217.49,395.64,92.16,54.11,1813.56
178.75,245.34,91.93,49.68,1885.68
306.41,407.4,91.46,42.07,1786.88
129.48,247.56,92.99,50.3,1900.84
190.84,247.38,90.77,50.23,1877
231.01,317.4,92.74,48.91,1831.92
306.8,392.88,92.49,36.76,1777.52
358.54,391.62,92.14,30.26,1765.2
140.27,261.36,92.29,43.81,1918.56
343.2,290.46,91.68,40.17,1768.92
133.25,248.76,92.79,52.24,1927.76
189.15,256.44,93.39,39.98,1831.08
371.41,308.58,92,28.67,1800.16
339.69,288.36,92.14,28.6,1763.96
215.15,277.08,91.82,57.92,1823.2
326.56,429.48,91.83,52.5,1734.32
390.52,403.5,92.51,22.88,1739.32
380.77,439.08,92.04,39.99,1721.24
130.78,259.32,92.19,51.42,1892
328.38,393.66,92.22,35.01,1789.36
305.37,256.8,92.18,39.19,1839.6
382.72,393.06,92.26,33.89,1782.68
135.72,234.24,93.09,51.02,1921.36
205.27,305.28,92.23,59.94,1840.76
160.94,249.72,92.03,50.49,1844.28
85.41,261.9,92.57,44.68,1925.84
363.74,349.98,92.17,32.55,1751.04
383.63,453.6,92.54,30.37,1724.72
134.42,225,91.85,57.34,1896.32
217.49,325.8,92.54,35.66,1842.16
125.58,246.36,92.84,50.82,1928.8
163.67,246.84,93.25,51.93,1862.96
335.66,366.48,92.15,39.84,1793.84
185.38,257.16,91.94,53.02,1884.76
328.51,402.42,91.49,39.81,1783.24
356.72,449.4,91.26,45.99,1745.68
143.52,250.44,92.96,46.51,1908.8
135.07,241.32,91.51,52.66,1916.56
194.74,237.48,91.98,45.04,1871.08
366.08,439.26,91.12,52.96,1731.12
364.39,412.02,91.41,34.9,1755.2
274.82,353.88,91.73,56.62,1793.24
255.97,339.9,92.81,42.01,1819.48
232.18,317.4,92.34,40.79,1829.68
309.14,418.26,91.71,49.9,1772.24
348.53,339.42,92.15,36.96,1771.76
140.66,267.78,92.79,54.16,1892.92
394.16,388.14,91.49,30.82,1746.88
256.36,282.18,92.01,54.22,1834.36
297.05,361.74,92.48,37.15,1794.32
397.15,397.5,91.74,38.11,1762.96
148.07,262.32,91.9,59.3,1871.2
266.63,378.54,92.4,55.79,1783.44
392.21,388.74,92.46,26.29,1759
305.24,308.58,91.56,50.9,1767.12
220.22,303.54,92.61,56.53,1842.56
298.61,384.9,92.82,42.37,1800.28
365.82,308.58,92.01,31.6,1781.32
371.28,417.06,92.04,27.95,1737.4
150.67,240.3,92.27,51.73,1897.84
173.03,253.08,92.36,50.36,1866.24
88.92,246.36,92.82,53.75,1959.84
314.34,398.88,91.27,38.92,1738
296.79,356.58,91.41,50.36,1763.04
308.1,377.46,92.02,34.73,1779.96
125.32,239.1,92.08,50.29,1913.48
250.9,393.54,92.19,49.19,1811.04
195.39,214.26,92.3,33.93,1870.44
377,465.24,91.94,45.08,1725.48
105.82,247.56,92.78,54.77,1910.28
260,379.86,92.46,37.86,1798.72
124.54,228.48,92.68,40.52,1914
154.96,243.72,92.36,33.24,1859.6
140.4,249.96,92.16,49.18,1902.04
321.75,381.42,91.86,50.54,1781.2
77.35,213.42,93.26,46.57,1950.88
393.12,403.92,92.19,27.92,1748.72
175.24,248.64,92.33,42.88,1885.56
306.41,400.5,92.55,48.11,1758.84
229.32,346.56,92.39,51.02,1823
116.87,217.8,93.37,44.39,1915.8
247.26,269.1,92.23,26.02,1861.68
156.26,251.52,93.65,50.67,1863.28
343.85,327,92.27,39.33,1803.04
206.18,262.02,91.92,49.34,1861.84
308.75,369,91.65,41.48,1769.4
101.27,246.06,93.09,58.32,1908
370.89,399.06,92.35,24.41,1744.64
283.79,377.46,91.92,54.8,1775.04
251.03,316.32,93.18,32.36,1821
412.1,422.16,91.48,34.91,1753.52
217.88,270.54,92.21,34.63,1834.68
340.21,293.52,91.81,20.66,1760.36
248.69,401.16,92.09,42.74,1813.24
256.49,298.14,91.62,43.81,1817.12
116.22,252.42,92.63,51.56,1893.36
413.01,456.54,91.58,44.02,1726.76
341.12,308.58,91.94,35.71,1791.64
137.41,249.3,91.24,40.73,1902.4
248.3,262.74,92.37,46.4,1849.12
255.97,339.9,92.8,40.16,1828.68
356.33,448.02,92.42,48.1,1716.84
292.5,352.74,92.5,43.81,1773.4
369.2,355.62,92,35.85,1766.56
254.15,339.18,92.75,46.86,1822.24
138.32,246.24,93.18,56.15,1875.52
332.67,366.48,92.11,46.37,1775.64
268.06,290.46,91.58,52.51,1781.6
159.51,262.8,93.02,34.2,1874.2
374.14,360.42,92.23,29.42,1758.96
407.94,433.74,91.7,43.96,1722.32
390.52,403.5,92.51,31.7,1740.68
226.2,267.48,92.63,36.35,1872.04
206.83,269.94,91.9,37.69,1838.92
328.9,356.58,91.74,34.98,1770
346.84,382.38,91.79,42.93,1758.76
194.22,240,92.52,39.26,1825.64
242.84,262.14,92.43,29.33,1852.08
138.71,252.12,90.6,59.96,1890.6
223.08,353.16,92.4,51.83,1815.04
367.12,429.48,91.83,40.75,1736.04
355.81,435.48,91.65,47.96,1712.2
104.52,251.52,93.61,55.33,1930.32
143.13,241.32,91.92,49.85,1906.76
200.98,225.84,92.23,52.52,1851.84
136.24,237.48,91.98,53.32,1890.44
216.97,261.12,92.89,48.52,1842.04
122.46,248.4,93.67,52.68,1891.96
322.53,359.22,92.6,36.71,1779.56
296.14,374.64,91.98,45.26,1784.48
355.55,364.5,91.73,40.54,1740.56
244.01,312.48,91.27,59.92,1798.48
123.89,229.08,92.58,45.2,1906.16
387.66,399.06,91.91,26.14,1756.68
191.36,260.04,92.1,51.37,1856.88
267.8,354.9,92.12,54.64,1775.04
385.58,355.32,92.11,36.72,1766.32
202.15,262.26,93.12,47.77,1860.56
269.36,383.64,92.47,35.9,1790.76
99.97,258.12,92.23,51.14,1945.84
128.31,256.44,93.15,52.64,1883.6
301.73,440.52,91.85,52.97,1758.64
121.42,248.94,92.78,58.55,1884.16
156.39,240.6,92.3,51.23,1899.76
304.72,433.44,91.93,52.82,1753.36
229.84,269.52,93.14,41.82,1832.48
192.14,257.16,92.3,50.85,1884.68
312.65,371.22,91.79,32.72,1768.64
402.61,406.14,91.42,30.53,1701.4
345.54,425.88,91.72,46.42,1737.64
404.95,397.5,91.72,36.65,1750.2
216.32,275.22,91.73,59.32,1827.16
244.01,303.96,92.26,52.4,1828.28
169,235.68,92.43,49.16,1894.4
271.44,284.7,91.59,45.73,1797.36
247.78,339.9,92.8,49.28,1822.8
124.67,222.84,92.16,43.71,1898.96
246.35,253.38,92.09,47.64,1850.92
71.76,257.1,92.07,56.29,1915.92
159.51,247.02,92.67,31.31,1895.36
379.34,409.44,91.82,40.82,1714.08
198.77,155.28,91.75,39.6,1857
259.74,339.18,92.75,44.12,1819.56
99.97,217.44,92.1,53.02,1929.84
142.61,243.6,92.27,52.55,1914.76
399.62,474.3,91.43,43.91,1722.76
113.49,247.56,92.78,54.82,1905.68
299.13,356.64,92.07,49.57,1782.88
210.6,232.38,91.1,45.02,1871.56
233.22,372.6,92.71,49.59,1814.2
279.11,343.14,91.5,45.48,1793.24
261.04,375.12,92.54,45.44,1803.92
172.38,244.98,91.63,54.38,1888.56
392.47,408.48,91.9,30.2,1725
293.93,359.22,92.65,39.67,1764.8
353.34,386.64,92.07,36.76,1761.2
170.95,244.68,93.1,47.75,1849.2
129.61,247.56,92.78,54.68,1901.72
413.27,457.2,91.63,33.78,1736.04
149.89,248.34,92.58,51.31,1897.96
319.28,352.92,91.95,43.48,1771.04
233.48,286.98,91.36,51.43,1818.36
263.38,307.14,91.72,56.08,1792.4
351.78,435.48,91.75,54.19,1716.72
180.57,248.94,92.73,51.88,1878.4
377.91,429.84,91.46,41.72,1762.04
404.17,357.42,91.88,36.3,1760.32
101.4,234.24,92.59,39.9,1929.24
322.14,413.64,91.57,42.34,1743.72
252.07,360.6,91.84,49.99,1810.28
317.85,398.94,92.2,34.89,1796.88
341.12,467.7,92.2,51.13,1752.04
330.33,414.84,91.49,52.44,1746.36
315.38,339.42,92.17,42.21,1771.6
303.42,354.84,92.5,47.35,1758.4
307.06,371.22,91.82,29.26,1791.72
236.86,237.78,91.37,47.4,1863.12
230.62,298.68,91.35,60.05,1801.76
141.83,227.52,91.7,39.92,1894.88
70.85,234.24,92.73,46.23,1949.32
328.25,350.76,92.32,42.46,1776.2
131.17,246.06,92.72,57.93,1884.6
380.38,416.04,91.8,35.18,1741.28
269.62,358.8,92.31,45.83,1811.96
362.18,369,91.75,27.71,1757.96
372.06,478.44,91.65,39.23,1744.48
278.98,303.54,92.43,40.28,1814.68
327.08,325.2,92.06,34.81,1767.96
151.06,260.88,92.42,45.79,1873.48
154.31,250.68,92.09,38.87,1883.36
240.5,251.1,92.35,38.87,1867.2
340.08,314.16,92.15,35.11,1812.32
245.96,264.36,92.5,41.25,1814.88
302.9,292.68,92.56,45.22,1764.32
316.03,395.64,91.95,36.97,1770.76
132.86,229.08,92.55,42.42,1896.28
324.61,359.22,92.61,35.96,1774.8
401.44,417.06,91.95,27.95,1732.56
73.19,235.32,92.12,46.6,1947.32
350.61,386.7,91.77,32.38,1775
190.32,322.92,92.39,36.35,1852.72
134.03,270.06,92.58,56.2,1894.96
211.9,232.38,91.07,44.07,1862.8
221.65,269.28,92.52,52.91,1838.52
332.02,362.22,91.5,42.92,1744.56
267.54,305.4,91.99,43.54,1810.4
353.08,284.58,91.74,27.47,1771.4
258.18,250.02,92.03,32.34,1851.44
117,258.78,92.75,48.79,1924.36
193.05,351.54,92.19,53.91,1818.48
402.61,445.32,91.63,29.84,1726.32
316.55,439.02,92.02,51.53,1742.64
141.57,265.2,92.57,51.79,1916.64
112.19,262.74,92.37,49.95,1935.64
283.14,284.58,91.63,40.01,1787.16
312.26,465.24,91.67,50.35,1754.08
445.9,448.02,92.36,15.53,1711.36
204.75,236.34,92.22,45.77,1874.4
349.31,449.94,91.13,43.15,1751.12
108.55,242.76,92.66,43.96,1899.16
215.8,251.58,92.91,29.39,1870.04
376.35,440.4,91.94,33.08,1762.68
127.14,316.5,93,46.99,1878.32
376.74,440.52,91.93,43.74,1728.8
171.73,243.36,92.56,38.69,1903.44
153.14,239.76,91.94,49.77,1891.16
263.9,403.92,92.14,48.54,1766.04
390.91,418.92,91.85,34.52,1749.52
257.79,356.64,92.09,54.74,1784.6
131.3,250.74,92.67,46.84,1896.36
398.97,442.02,91.47,36.35,1721.8
370.89,408.48,92.12,25.52,1755.64
69.81,232.08,92.52,45.89,1948.28
123.11,244.86,93.31,55.12,1919.84
124.02,247.02,92.71,39.37,1924.72
219.05,317.4,92.68,48.77,1843.36
216.97,268.68,91.86,34.91,1824.68
109.46,258.84,91.97,48.19,1933.96
121.94,248.64,92.28,52.08,1927.84
351,354.9,92.1,36.83,1762.32
347.75,339.42,92.16,34.76,1775.68
276.12,301.92,91.69,50.9,1789.28
240.89,238.32,91.02,38.45,1829.04
192.92,262.14,92.39,41.2,1888.28
263.64,343.5,91.83,53.05,1808.12
247.26,284.7,91.59,46.06,1812.32
354.38,382.62,92.19,39.95,1744.04
313.3,408.48,92.07,39.14,1761.32
192.53,269.28,92.65,40.02,1858.6
143.26,244.86,92.39,46.88,1896.04
111.15,217.5,93.59,51.14,1922.72
329.03,393.54,91.92,47.83,1763.84
322.66,449.22,91.84,44.12,1737.84
346.97,355.26,92.05,34.55,1745.32
283.27,277.26,92.08,43.2,1799.96
146.38,269.52,93.06,53.39,1898.76
366.34,295.8,91.27,33.34,1755.64
244.01,296.34,92.82,49.77,1818.12
131.82,252.12,91.2,57.91,1888.68
330.33,288.36,92.1,27.91,1776.04
210.99,261.12,92.74,45.78,1858.96
358.15,393.54,91.96,38.39,1762.12
296.14,294.96,91.12,38.57,1779.96
329.55,399.36,91.7,40.13,1746.04
183.56,237.12,92.58,46.99,1860.36
265.07,384.9,92.85,37.41,1829.48
426.66,409.86,91.86,25.11,1764.24
182.13,256.44,93.56,40.99,1864.6
89.7,244.26,92.89,56.88,1885.72
392.6,430.8,91.92,36.4,1747.76
329.81,409.86,91.92,42.59,1767.04
376.09,437.94,91.57,38.65,1737.8
382.33,384.3,91.8,40.44,1779.28
386.75,421.92,91.58,33.48,1708.8
371.93,433.74,91.96,27.2,1787.08
369.72,416.4,91.27,44.11,1733.76
272.61,284.58,91.6,42.71,1792.88
396.63,425.64,91.6,35.65,1723.64
81.77,244.68,93.16,57.82,1913.16
367.38,434.58,91.52,43.38,1704.8
373.88,399.36,91.46,37.45,1729.2
312.65,433.44,91.94,53.36,1751.24
345.8,366.12,91.84,39.7,1744.76
310.96,379.26,92.05,51.91,1781.04
309.66,442.02,91.57,52.9,1753.68
326.3,262.62,91.9,29.81,1779.96
361.14,360.42,92.24,32.24,1757.72
307.58,403.02,91.57,52.54,1773.72
101.27,246.96,93.02,58.27,1887.28
372.84,424.32,91.77,42.8,1741.8
274.82,348.3,92.09,52.36,1798.96
179.79,232.38,90.87,55.17,1879.24
286.78,355.26,92.08,52.24,1769.24
131.17,249.72,92.29,57.94,1855.44
209.69,322.92,92.33,37.85,1836.64
346.06,434.58,91.53,49.64,1720.88
293.93,361.62,92.62,49.96,1763.92
236.08,239.94,91.61,42.32,1854.76
330.46,453.6,92.49,46.58,1752.96
282.49,387.78,92.8,41.34,1801.44
263.9,339.18,92.75,45.89,1816.48
400.66,457.2,91.59,35.58,1728.88
356.07,402.42,91.47,34.92,1765.8
208.65,251.76,91.98,57.63,1854.88
309.79,352.74,91.8,46.88,1777.36
236.73,237.24,91.8,42.55,1846.92
277.55,354.24,92.03,57.43,1783.32
330.72,399.24,91.99,34.06,1751.96
269.88,354.24,92.05,51.23,1795.68
374.92,361.38,91.79,35.4,1751.28
260.13,359.22,92.64,50.47,1793.56
112.97,244.86,93.29,51.75,1938.2
276.38,365.04,92.58,47.3,1784.32
378.43,449.4,91.21,44.41,1729.72
148.72,258.78,92.26,38.33,1910.28
208.91,267.48,92.68,40.77,1885.44
295.23,451.38,91.86,46.12,1776
236.34,371.22,91.69,39.77,1812.4
83.72,235.98,91.98,56.1,1962.28
294.97,356.64,92.09,50.08,1785.72
183.56,257.16,91.99,52.97,1887.44
397.8,433.74,91.87,24.91,1766
341.12,422.16,91.4,49.46,1749.24
91.39,250.44,92.9,51.86,1947.64
135.46,262.74,92.38,54.45,1899.16
287.3,427.74,91.65,45.23,1769.4
422.37,427.92,91.37,34.27,1734.36
329.42,422.82,91.5,50.36,1733.36
191.49,242.1,91.92,39.12,1880.12
140.92,243.72,92.32,36.54,1870.4
167.31,235.8,92.79,44.63,1870.16
139.36,247.02,92.7,36.43,1916.84
154.57,240.18,92.68,53.69,1887.4
52,239.4,91.79,58.3,1963.16
145.99,262.2,92.36,55.05,1904.16
202.67,270.54,92.13,55.18,1830.16
319.02,288.36,92.09,33.11,1774.68
318.37,392.76,92.34,26.97,1781.08
131.3,247.02,92.65,50.92,1919.8
154.83,248.94,92.7,57.83,1880.28
239.59,346.56,92.38,52.4,1810.6
153.66,250.44,92.94,44.44,1904.84
278.72,378.54,92.41,54.07,1776.76
136.89,247.56,91.59,59.24,1903.84
158.99,262.14,92.41,50.64,1886.48
300.3,307.8,91.99,48.03,1808.68
304.07,383.64,91.87,53.96,1765.76
192.4,265.26,92.87,53.54,1864.84
384.28,443.28,91.43,39.87,1746.4
254.8,288.84,92.11,41.23,1826.28
189.02,277.08,92.3,56.69,1852.12
171.47,269.28,92.51,56.97,1870.72
172.64,262.8,93.02,38.39,1867.12
352.82,421.92,91.55,43.85,1708.84
314.99,354.24,91.99,43.07,1772.24
203.71,231.72,92.34,39.77,1852.68
147.68,248.88,92.07,45.7,1861.48
299.91,391.62,92.11,35.03,1773.68
372.45,409.62,91.54,31.67,1730.92
331.24,353.7,92.46,30.7,1761.68
111.15,214.62,92.38,43.99,1925.76
139.1,268.62,92.53,49.42,1939.76
325.91,467.7,92.08,49.8,1754.2
93.47,236.4,91.95,54.39,1932.16
170.69,303.54,92.75,52.46,1880.12
377.13,421.92,91.57,36.33,1716.92
209.69,239.94,91.55,48.29,1861
192.79,322.92,92.42,38.08,1856
109.98,237.96,92.29,51.23,1936.64
285.87,353.76,92.19,36.78,1813.52
298.61,383.64,91.86,53.08,1763.24
369.33,368.82,91.72,33.94,1770.16
180.83,241.44,92.46,51.56,1864.96
329.94,430.38,91.82,43.56,1737.76
359.32,453.6,92.49,32.87,1764.16
226.72,270.06,92.15,45.08,1824.32
90.22,237.66,92.52,48.86,1920.28
269.49,359.22,92.64,48.29,1780.72
162.89,252.18,92.51,48.94,1876.72
345.8,378.42,92,36.78,1769
123.5,224.16,92.28,38.05,1915.2
246.87,267.6,92.25,24.07,1853.92
325.91,361.62,92.56,42.2,1758.08
349.18,427.92,91.58,48.68,1721.76
343.72,429.84,91.32,51.32,1742.44
281.71,301.92,91.67,51.59,1781.24
283.92,361.74,92.48,40.13,1817.6
203.06,247.38,90.26,50.39,1852.84
304.07,414.78,91.91,54.4,1738
366.08,425.88,91.68,43.27,1740.16
217.23,243.3,91.31,48.98,1856.52
247.91,267.78,92.75,26.96,1825.48
134.03,238.92,92.08,53.23,1922.44
343.85,428.22,91.64,46.24,1753.44
388.05,371.1,91.4,37.11,1745.84
414.96,451.98,91.1,39.44,1725.28
247.91,298.14,91.57,46.07,1812.36
196.95,248.1,91.48,51.7,1874.56
248.17,258.84,92.03,27.45,1853.2
421.07,478.44,91.54,35.15,1720.48
256.1,326.52,91.98,53.92,1801.92
333.19,437.94,91.65,52.08,1746.56
416.91,406.98,91.63,24.97,1717.24
313.3,317.04,91.5,28.55,1778.76
338.78,392.04,92.19,34.58,1778.2
122.46,248.4,93.64,53.05,1908.04
401.96,481.08,91.83,43.48,1729.4
107.38,268.26,92.8,41.29,1940.76
177.84,250.2,92.65,50.44,1857.84
180.7,241.2,92.1,53.95,1856.68
151.32,248.34,92.49,50.04,1918.12
135.46,269.1,92.2,53.02,1916.12
333.32,380.82,92.03,41.01,1770.48
297.44,355.26,91.96,52.16,1761
394.94,429.48,91.83,30.27,1735
310.31,302.34,92.09,45.63,1810.36
106.99,244.62,91.99,54.35,1916.96
175.37,266.82,93.65,41.49,1873.84
195.52,248.1,91.3,59.46,1871.84
383.63,453.6,92.54,30.37,1724.72
192.4,256.62,92.65,45.92,1849.16
393.12,419.28,91.63,36.88,1745.48
280.54,403.5,92.49,47.4,1784.6
370.11,406.14,91.34,33.91,1722.68
192.92,267.78,92.66,34.42,1864
346.45,382.68,92.3,32.37,1761.04
183.04,235.86,91.97,43.2,1856.64
143.26,247.56,92.79,55.28,1887.72
392.47,388.74,92.47,25.48,1753.64
348.4,409.86,91.91,36.89,1791.4
110.11,246.18,92.88,42.1,1940.4
224.51,261.12,92.85,46.04,1840.32
146.64,254.64,92.24,59.87,1893.44
323.44,314.16,92.22,41.03,1809.24
293.8,419.04,91.49,47.75,1740.52
170.04,258.84,92.67,59.84,1868.24
173.55,237.48,92.04,50.07,1863.4
356.85,397.5,91.75,46.55,1749.48
205.14,246.96,91.68,48.15,1859.4
414.44,398.64,91.75,38.44,1711.32
87.88,224.94,91.97,48.55,1939.4
242.71,264.36,92.47,46.31,1818.04
397.15,420.24,91.86,29.62,1718.24
339.56,400.5,92.53,47.41,1734.68
336.96,361.92,92.37,31.51,1793.48
179.66,269.04,93.07,57.14,1871.8
344.11,284.58,91.74,32.96,1757.6
381.42,431.88,91.38,45.11,1712.96
306.67,356.58,91.81,39.48,1762.44
324.74,353.88,91.85,47.14,1765.32
208,258.12,92.03,23.52,1864.04
374.53,341.16,91.44,34.12,1736.32
347.62,419.34,92.18,31.09,1744.08
295.36,374.4,91.84,48.47,1780.88
212.42,246.96,91.49,45.31,1850.24
322.53,383.64,92.61,26.71,1777.04
132.21,240.6,92.19,55.14,1918.32
349.05,444.96,91.7,56.28,1724.64
136.76,250.68,92.14,42.91,1898.32
344.24,408.84,91.35,33.58,1728.76
365.04,354.84,92.38,34.85,1755.32
361.53,388.14,91.51,43.05,1748.08
179.79,241.2,92.12,54.26,1862.12
224.51,269.4,91.62,47.28,1816.76
340.08,420.24,91.78,43.93,1730.24
340.73,390.72,92.37,26.59,1777.76
376.61,386.64,92.23,32.8,1752.32
236.73,270,92.99,29.3,1870.16
365.95,424.32,91.8,44.03,1744.76
171.73,262.26,93.14,51.95,1865.56
149.63,246.36,92.85,46.87,1907.64
179.27,270.48,93.18,50.62,1878.2
215.54,228.06,93.05,36.08,1856.12
410.54,399.24,91.21,32.4,1718.92
101.53,244.26,93.03,49.25,1901.84
312.13,403.02,91.59,52.12,1772.36
329.29,427.92,91.55,51.19,1738.72
316.29,281.58,92.15,31.81,1800.16
208.39,247.38,90.58,49.22,1858.68
185.77,237.54,91.9,56.72,1852.16
149.37,249.24,92.74,42.55,1906.96
388.31,414.78,91.01,43.65,1705.88
183.82,238.92,92.04,48.69,1890.08
259.61,355.26,92.53,50.08,1801.64
158.6,238.32,92.55,32.9,1885.32
272.74,253.38,92.1,40.42,1847.6
127.92,219.96,93.34,42.01,1910.48
161.85,240.6,92.31,49.57,1894.52
157.82,288.24,91.98,60.08,1860.32
69.55,213.42,93.37,48.49,1954.6
76.57,236.88,91.37,35.9,1939.64
154.83,244.14,92.22,50.23,1906.84
133.51,316.5,93.29,46.07,1883.04
346.06,457.2,91.46,41.48,1751.24
161.33,246.96,92.5,56.18,1856.32
134.29,263.94,92.79,58.01,1896.68
168.61,298.98,91.7,54.89,1808.28
225.16,253.44,92.49,37.78,1889.32
321.75,416.7,92.18,32.09,1753.12
360.75,463.44,91.59,47.02,1734.28
189.15,250.2,92.6,48.48,1816.56
241.67,267.78,91.27,51.73,1838.6
91,214.62,92.56,38.9,1931.2
298.61,254.88,92.08,38.83,1866.8
285.35,303.96,92.17,42.56,1820.92
239.72,272.28,92.21,51.61,1847.96
405.21,425.88,91.56,40.4,1724.04
109.59,243.6,92.31,55.09,1932.4
355.03,390.72,92.37,27.59,1760.24
314.73,430.62,91.32,50.98,1733.68
289.12,415.38,91.98,47.62,1767.6
367.25,399.24,91.91,26.26,1758.68
304.07,441,91.94,53.09,1764.72
101.53,237.84,91.95,52.01,1928.88
314.73,425.88,91.55,57.34,1767.12
207.48,249.96,91.99,33.28,1865.56
133.25,222.84,92.1,42.44,1897.48
341.64,451.38,91.95,41.01,1741.12
244.01,237.24,91.76,38.01,1834.32
309.66,269.34,91.76,44.81,1781.8
273.39,404.7,92.27,41.15,1788.44
182.26,244.5,92.37,42.39,1881.92
267.28,262.74,92.35,27.42,1848.44
330.46,439.26,91.08,56.27,1728.16
120.64,249.24,92.58,47.93,1931.2
179.14,252.18,92.5,50.96,1870.4
378.17,451.98,91.06,42.64,1733.16
170.04,269.4,92.77,51.88,1888.04
255.58,253.08,91.05,57.45,1817.84
406.9,424.74,91.3,32.62,1715
300.69,427.5,91.14,56.75,1727.64
204.62,262.26,93.15,47.03,1850.64
120.12,248.4,92.58,50.95,1910.6
331.89,377.76,92.71,35.82,1777.52
200.98,269.28,92.5,55.99,1844.8
180.7,237.24,91.55,48.8,1884.64
328.51,383.46,91.8,45.29,1761.56
106.08,235.8,92.67,51.23,1932.68
279.63,392.88,92.46,43.79,1794.6
359.45,290.46,91.69,34.95,1763.76
201.11,232.38,91.01,46.57,1871.84
156.52,254.04,92.7,56.8,1861.44
124.8,252.18,92.51,55.36,1898.6
286.13,350.76,92.39,45.59,1775
266.5,298.14,91.78,42.49,1811.76
158.21,243.6,92.14,53.17,1895.04
158.47,241.38,92.5,49.24,1899.64
303.16,398.88,91.27,43.35,1745.04
176.28,244.5,92.37,44.78,1897.04
274.17,449.58,92.28,49.16,1774.04
62.53,257.1,92.18,52.16,1919.2
183.04,260.46,92.33,32.49,1867.96
247.13,350.76,92.47,54.59,1784.72
160.55,244.8,93.4,43.61,1907.52
296.4,294.96,91.49,46.23,1758.6
188.24,264.36,92.61,45.53,1869.84
317.2,426.84,91.79,35.56,1746.72
379.99,463.8,91.16,39.14,1752.2
271.18,382.38,91.69,58.1,1761.68
199.03,248.1,91.37,57.15,1866
167.83,244.38,92.51,56.2,1858.44
357.63,442.62,91.13,54.53,1747.64
136.63,225,91.88,57.77,1896.96
398.84,430.8,91.89,36.84,1741.6
237.38,353.76,92.19,41.82,1829.72
380.64,450.48,91.38,35.4,1744.6
272.22,269.34,91.79,45.08,1802.84
242.32,262.74,92.36,30.7,1860.52
298.35,383.64,92.17,48.91,1753.32
319.93,418.08,92.01,55.48,1754.04
166.01,244.26,92.24,43.69,1886.36
353.34,355.62,92.05,38.51,1758.76
374.92,448.02,92.41,40.46,1715.92
128.44,244.26,92.3,50.59,1887.2
293.28,373.56,92.01,37.9,1781.32
303.42,382.38,92.01,47.47,1774.72
178.62,265.26,93.02,50.52,1866.68
122.59,248.4,93.49,50.95,1917.12
246.35,392.88,92.56,43.11,1811.4
267.02,294.9,92.82,33.6,1834.4
220.74,269.1,92.32,31.06,1857.08
198.12,240,92.49,39.1,1818.56
221.52,336.18,92.76,41.21,1849.92
162.5,248.28,92.9,34.55,1897.6
345.28,294.12,91.6,42.47,1755.28
269.62,349.2,92.5,42.4,1801.6
223.6,243.3,90.97,43.6,1850.2
296.79,351.72,92.53,41.86,1803.84
203.06,250.56,93.07,39.7,1838.88
162.63,246.84,93.4,52.72,1855.16
173.29,230.82,92.31,34.96,1865.04
325.39,287.58,91.18,37.73,1774.2
289.38,364.62,92.57,51.56,1770.32
153.66,247.02,92.68,33.44,1902.44
167.44,266.04,92.37,53.11,1899.76
382.85,414.78,91.75,31.78,1728.16
98.93,236.22,92.35,50.24,1934.96
334.75,426.84,91.67,46.27,1734.56
271.05,292.2,91.56,52.32,1798.28
388.57,394.44,92.09,30.82,1752.96
353.34,368.46,92.02,27.67,1798.8
183.69,262.2,92.36,48.53,1877.12
257.4,317.4,92.52,40,1826.56
342.68,327,92.3,40.12,1807.24
247.52,409.68,91.32,51.7,1778.16
179.27,252.42,92.57,52.84,1849
329.81,349.98,92.14,30.85,1777.84
194.35,235.86,91.74,45.18,1850.88
356.72,287.58,91.16,35.66,1751.04
281.97,343.02,91.98,49.58,1786.44
294.97,295.26,92.06,28.1,1796.04
255.45,253.38,92.09,45.54,1844.64
160.29,273.06,92.41,47.52,1884.64
266.24,238.32,91.06,34.39,1822.32
225.16,250.02,92.11,40.84,1850.96
374.79,427.92,91.48,45.39,1751.96
190.45,212.4,92.38,36.16,1878.44
230.88,254.52,91.74,39.76,1873.08
241.15,246.6,91.09,39.1,1839.88
191.36,233.46,92.29,37.05,1875.48
151.32,229.5,92.12,51.47,1889.36
311.35,359.52,91.83,51.82,1743.68
155.87,298.98,91.67,57.12,1872.88
269.1,348.96,92.43,40.91,1812.88
190.32,256.62,92.51,47.76,1857.08
309.27,350.94,91.91,45.23,1783.48
269.88,424.32,91.79,53.42,1795.4
101.01,214.62,92.41,44.27,1918.72
383.89,425.64,91.57,42.41,1729.72
287.56,418.26,91.79,54.13,1737.68
278.59,354.84,92.36,38.64,1794.04
326.17,418.08,92.02,54.8,1759.08
295.75,353.16,92.36,40.4,1793.28
434.2,424.8,91.74,34.21,1729.84
348.14,399.24,91.83,29.41,1760
316.29,465.24,91.68,49.47,1741.52
427.44,433.74,91.68,37.64,1726.96
345.02,431.88,91.44,54.7,1727.12
151.32,248.64,92.4,43.91,1915.96
108.29,238.32,92.75,49.7,1916.48
251.55,238.32,91.14,30.74,1821.16
131.95,248.76,92.69,49.07,1917.28
110.63,239.76,93.3,57.66,1903.84
219.05,248.1,91.47,47.53,1853.48
302.51,392.88,92.64,36.82,1773.72
349.83,369,91.77,33.16,1747.36
323.44,439.02,92.02,50.98,1739.4
366.47,431.82,91.71,50.8,1755.2
278.07,307.8,92.13,53.43,1810.8
181.48,237.24,91.91,51.43,1875.28
288.86,354.84,92.48,50.05,1769.24
185.12,270.06,92.14,53.21,1846.56
329.42,426.36,91.61,55.51,1739.44
82.42,243.84,92.78,56.63,1915.12
215.67,250.74,91.52,44.34,1821.68
313.95,430.38,91.8,51.1,1746.2
133.64,237.66,92.77,41.45,1913.36
415.22,449.94,91.1,20.47,1760.68
329.03,364.5,91.7,47.61,1749.32
171.47,235.08,93.06,40.07,1878.48
356.98,406.14,91.34,42.09,1730.56
197.34,262.02,91.96,55.55,1870.96
148.33,248.4,92.64,47.15,1798
292.5,425.64,91.64,49.43,1769.6
112.32,238.14,91.05,58.96,1894.2
387.14,425.88,91.62,46.55,1745.28
386.36,408.48,91.88,32.08,1721.44
241.93,378.54,92.67,49.85,1799.24
319.67,362.22,91.39,46.09,1752.36
259.22,339.18,92.77,45.86,1815.2
340.86,404.7,92.15,26.42,1760.68
356.33,419.88,91.68,39.29,1726.56
342.55,297,92.06,24.8,1833.64
217.36,322.92,92.31,40.14,1833
422.89,467.7,92.25,34.86,1737.76
359.06,434.58,91.59,42.8,1715.04
193.05,275.22,91.76,50.79,1850.68
358.8,403.5,92.53,32.55,1753.68
76.83,235.98,91.83,57.32,1965.96
377.65,409.44,91.63,25.6,1735.68
316.81,408.84,91.38,35.56,1760.88
90.09,238.86,92.48,52.37,1939.92
176.15,244.26,92.65,45.26,1868.84
306.41,420.24,91.91,49.67,1750.12
142.87,267.78,92.79,54.05,1893.16
371.02,461.16,90.92,44.8,1733.4
197.73,261.36,92.08,33.97,1868
115.83,244.14,92.28,53.79,1926.36
370.89,295.8,91.26,35.81,1752.68
278.33,374.34,91.62,53.3,1811.2
289.64,348.72,92.23,49.96,1795.88
51.74,212.82,92.47,51.92,1958.56
309.92,295.26,92.15,28.58,1788.12
382.85,409.62,91.63,36.98,1731.84
203.06,240.72,92.09,57.76,1850.36
158.47,240.3,92.24,51.06,1890.72
251.29,353.76,92.26,40.72,1826.16
342.16,418.26,91.76,40.23,1765
384.28,426.84,91.95,31.91,1728.36
360.23,437.94,91.56,43.61,1732.04
323.05,431.88,91.45,57.05,1734.56
58.37,230.64,92.32,46.18,1943.12
197.47,248.58,91.94,53.8,1881.64
353.21,404.7,92.33,29.42,1719.48
355.81,426.36,91.67,52.51,1728.56
119.34,254.64,92.23,58.82,1921.96
290.16,358.8,92.44,38.51,1804.84
197.08,244.38,92.52,51.82,1836.76
355.81,379.86,92.08,36.07,1756.6
250.38,393.66,92.28,51.44,1807.4
348.01,386.7,92.11,26.74,1796.4
347.88,431.64,91.71,38.77,1729.96
84.76,239.1,92.05,51.82,1932.04
340.6,430.38,91.82,44.99,1736.32
349.05,401.16,91.53,41.64,1753.04
341.25,366.12,91.95,42.73,1745.76
359.97,418.26,91.81,41.95,1761.72
323.05,420.54,91.51,42.05,1759.84
184.21,250.02,92.13,43.66,1885.68
290.29,424.74,91.46,56.01,1746.96
188.5,243.96,92.44,49.76,1854.12
200.07,235.86,91.71,40,1845.56
263.9,358.8,92.29,47.25,1813.16
146.12,254.04,92.85,57.11,1877.2
285.87,254.88,91.98,44.42,1826.6
379.86,451.38,91.86,29.24,1754.28
184.86,244.98,91.75,48.79,1879
356.46,394.44,92.13,41.65,1762.08
110.24,240.3,92.35,54.15,1934
64.61,257.1,92.18,53.27,1931.92
227.24,268.26,92.27,22.03,1862.44
298.35,425.88,91.4,56.26,1755.32
153.4,243.96,92.47,58.32,1857.72
189.54,252.42,92.54,51.68,1842.64
93.86,246.06,93.2,58.36,1904.6
349.05,419.04,91.17,48.79,1706.32
391.04,403.5,92.51,28.66,1728.4
306.15,371.22,91.79,32.9,1774.16
232.44,275.22,91.67,56.18,1823.32
296.27,430.62,91.43,54.55,1742.12
374.4,430.62,91.49,39.62,1707.48
327.86,431.1,91.8,41.38,1754.84
259.74,294.9,92.87,38.33,1830.16
326.82,442.02,91.54,53.11,1723.56
201.76,262.2,92.35,45.76,1865.52
333.32,300.3,91.54,40.63,1763.44
386.49,438.36,91.84,50.9,1730.92
341.51,431.88,91.43,51.69,1710.6
118.04,254.94,91.88,51.21,1925.84
366.34,389.04,91.75,33.62,1774.6
316.68,411.66,91.84,38.27,1794.84
259.09,339.9,92.79,37.69,1826.12
316.42,357.24,91.27,52.24,1762.52
255.06,312.3,92.01,30.01,1827.24
354.12,463.02,91.76,48.91,1756.48
224.9,262.32,91.79,46.72,1826.2
416.78,451.98,91.09,37.89,1731.68
189.41,266.7,92.86,39.74,1849.92
169.39,236.1,92.3,47.51,1896.08
133.12,247.02,92.7,49.22,1919.12
340.6,430.38,91.83,45.68,1723.56
344.11,417.06,91.77,39.01,1735.56
366.47,404.7,92.18,29.86,1739.08
190.58,245.34,91.79,54.94,1862.92
147.42,262.02,91.96,52.77,1891.08
164.58,247.2,92.35,53.47,1865.96
384.28,445.32,91.59,34.48,1731.36
174.2,249.48,92.77,42.7,1846.16
217.49,270,93.04,36.41,1868.32
363.74,407.4,91.48,44.12,1744.32
366.21,378.78,92.04,39.97,1759.76
358.15,442.08,92.15,48.68,1727.44
186.68,240,92.38,41.27,1841.68
115.18,241.38,92.51,54.28,1912.2
302.25,383.16,92.53,35.78,1780.48
354.12,408.48,92.11,31.18,1781
403.39,417.54,91.62,38.38,1730.24
95.16,247.56,91.83,57.11,1928.4
342.03,398.88,91.45,38.34,1731.56
419.51,431.1,91.64,35.57,1718.88
394.68,430.8,91.9,37.96,1749.6
352.17,441,91.94,45.64,1737.24
328.9,350.76,92.36,41.83,1757
283.01,253.38,92.09,40.46,1850.04
261.56,339.18,92.76,45.35,1818.16
77.35,236.88,91.38,38.16,1944.28
87.36,233.46,92.44,54.28,1943.56
324.09,441,91.93,49.85,1749.4
173.16,265.2,92.73,47.27,1862.28
338.78,327,92.32,40.27,1806.68
214.24,248.1,91.42,53.44,1862.56
360.23,421.92,91.69,38.43,1730.36
267.41,256.8,92.1,45.29,1841.72
352.04,382.68,92.28,30.48,1788.96
342.03,267.42,91.59,31.56,1810.92
142.22,234.24,92.87,51.85,1919.2
126.23,254.64,92.21,56.42,1924.12
145.34,237.66,92.6,40.8,1875
391.17,457.2,91.51,36.61,1738.72
155.22,243.96,92.42,57.67,1871.96
194.35,261.12,92.95,56.85,1859.92
109.98,236.52,93.19,41.62,1897.68
109.33,244.02,92.72,41.52,1957
127.01,268.08,93.03,54.84,1910.24
99.45,244.02,92.74,43.42,1964.4
131.95,260.46,92.58,49.24,1893.72
65.26,275.22,91.62,59.53,1924.12
316.03,392.04,92.17,38.31,1799.52
145.86,258.78,92.48,48.54,1895.72
283.92,356.34,92.34,52.87,1768.44
263.25,358.8,92.3,49.61,1815.24
179.01,257.16,93.7,46.38,1885.52
244.79,350.76,92.44,52.3,1798.52
387.27,409.44,91.74,39.29,1713.76
165.75,243.84,92.77,49.9,1867.72
316.94,282.06,92.29,41.38,1819.4
418.73,425.64,91.52,28.54,1720.24
201.11,278.88,91.61,54.64,1850.32
395.72,337.44,91.38,33.74,1717.36
274.04,264.3,91.65,43.51,1798.4
317.07,350.46,92.15,48.56,1781.56
298.87,365.7,92.29,41.92,1798.8
102.96,237.24,91.96,50.65,1925.76
209.95,251.1,92.41,48.95,1866.24
331.11,422.16,91.44,46.64,1748.08
255.45,307.8,92.26,54.14,1810
269.49,246.6,91.08,28.51,1825.76
164.45,251.58,93.01,39.03,1918.12
455.39,409.62,91.5,26.29,1704.88
229.71,270.54,92.21,31.15,1830.68
184.21,258.78,92.27,29.17,1884.32
332.67,369,91.74,40.8,1756.56
109.07,217.44,92.13,53.48,1922.76
132.6,248.76,92.65,49.96,1920.44
169.52,246.24,93.3,41.85,1859.64
315.77,381.42,91.84,52.38,1773.12
434.33,467.7,91.85,35.83,1731.6
382.85,444.96,91.86,38.92,1752.44
149.24,267.48,92.4,48.09,1914.12
246.22,292.2,91.62,55.73,1813.44
380.25,403.92,92.17,23.14,1751.76
269.62,298.14,91.9,41.46,1818.36
205.4,247.2,92.37,46.7,1874.2
450.06,414.3,90.97,23.01,1701.64
378.69,287.58,91.14,29.46,1742.44
74.88,275.22,91.89,57.47,1925.6
346.19,445.32,91.59,47.1,1737
303.68,439.08,92,53.49,1743.4
439.66,433.74,91.7,28.17,1728.52
212.81,239.94,91.55,48.37,1858.76
229.71,263.76,91.97,49.28,1865.24
306.15,395.64,91.98,35.06,1775.92
243.23,318.96,92.11,49.58,1822.8
83.2,235.08,93.15,52.1,1937.76
221.13,303.54,92.35,48.57,1853.6
112.32,231.36,92.41,39.62,1937.8
338.39,354.42,91.57,49.51,1762.4
258.96,281.82,92.21,41.5,1837.56
353.08,427.92,91.62,53.44,1722.12
297.96,362.22,91.55,53.96,1755.44
252.07,411.66,91.92,57.91,1785.88
210.6,392.76,92.18,53.9,1807.44
84.37,261.9,92.76,43.67,1939.76
114.53,258.84,92.04,44.39,1926.24
270.01,312.3,92.02,27.37,1820.08
377.13,399.36,91.49,34.57,1713.28
400.4,425.64,91.55,37.85,1729.76
378.82,451.38,91.83,32.92,1739.28
201.5,269.52,93.11,51.86,1848.48
80.21,247.86,91.14,52.55,1925.08
333.32,383.22,92.47,29.55,1777.36
153.79,265.26,92.67,51.19,1854.48
78.39,246.84,93.46,52.48,1918.44
349.96,382.38,91.84,41.16,1761.4
216.32,293.52,91.96,47.26,1810.24
132.08,235.8,92.7,48.73,1922.96
333.06,378.78,92.17,50.09,1756.52
406.25,446.04,90.82,41.91,1728.88
176.54,266.82,93.63,42.25,1868.6
133.38,258.84,92.7,59.38,1867
174.85,246.96,92.91,49.78,1842.28
266.89,294.96,91.56,54.01,1778.76
299.91,294.12,91.73,50.46,1776.88
350.61,403.92,92.21,33.04,1758.44
336.44,380.82,92,39.52,1775.76
123.63,242.76,92.62,42.07,1885.28
292.37,352.26,91.8,45.86,1773.32
351.52,442.02,91.53,46.47,1724.4
184.86,227.1,91.93,53.09,1884.2
214.5,267.78,92.78,38.47,1835.12
397.41,418.26,91.72,35.99,1757.52
307.19,351.72,92.4,41.98,1782.04
378.82,369,91.79,23.97,1751.04
352.04,396.3,92.48,32.81,1757.88
425.62,409.86,91.84,24.77,1766.64
221.39,263.94,92.86,49.39,1841
118.69,240.12,93.73,44.86,1893.88
338.52,426.84,91.97,41.37,1735.12
148.59,268.68,92.13,49.47,1884.36
353.34,426.36,91.65,51.79,1722.64
153.01,240,92.83,51.05,1901.96
175.37,250.68,91.88,38,1871.68
124.15,228.48,92.67,41.03,1916.92
379.21,439.02,91.81,36.58,1728.28
206.57,263.76,92.18,45.14,1869.4
124.28,249.3,91.15,42.16,1924.96
373.88,361.38,91.82,34.94,1749.68
356.59,389.76,90.88,40.76,1724.84
130.39,249.72,92.23,57.37,1850.92
378.3,467.7,91.82,42.89,1725.12
289.9,343.14,91.49,45.17,1780.4
294.71,364.62,92.51,47.66,1777.72
188.5,322.92,92.44,37.73,1857.08
